model,rag_enabled,exact_match_mean,exact_match_std,exact_match_count,commands_precision_mean,commands_precision_std,commands_recall_mean,commands_recall_std,commands_f1_mean,commands_f1_std,intent_match_mean,intent_match_std,batfish_pass_mean,batfish_pass_std,ai_verdict_pass_mean,ai_verdict_pass_std
gemini,False,0.0,0.0,12,0.8888916666666667,0.29587284571811134,0.875,0.3107907802540305,0.88095,0.3035581612685241,0.0,0.0,0.16666666666666666,0.3892494720807615,1.0,0.0
gemini,True,0.0,0.0,12,0.8888916666666667,0.29587284571811134,0.875,0.3107907802540305,0.88095,0.3035581612685241,0.0,0.0,0.16666666666666666,0.3892494720807615,0.8333333333333334,0.3892494720807615
llama,False,0.0,0.0,12,0.5154833333333333,0.37237470579397774,0.6388916666666666,0.3749300721669996,0.5373583333333333,0.3490141686582974,0.0,0.0,0.3333333333333333,0.4923659639173309,0.6666666666666666,0.4923659639173309
llama,True,0.0,0.0,20,0.51084,0.37542528782281315,0.62917,0.3996300922497941,0.53478,0.36474827022424516,0.0,0.0,0.5,0.5129891760425771,0.7,0.4701623459816272
